No.,Nama Pelaku,text,label,Tanggal Posting,Nama Korban,Unnamed: 6,Unnamed: 7
334,@apelu.liat2,"""Meldi, emaknya buka klinik totok aura kayaknya anaknya gak pernah ditotok ya‚Ä¶ auranya gak keliatan yg ada malah butek""",Bullying,22 Desember 2020,@rosameldianti_,,
30,@mr_mantako,"""Anjing memang anak gak tau diri. ibunya sampai nangis2""",Bullying,5 Mei 2020,@ferdianpalekaa00,,
554,@chindyylls,"""Lidah banyak kuman and virus nih""",Bullying,28 Maret 2020,@eeericko,,
287,@reniaulia225,"""Kok anaknya kayak udah tua gitu ya mukanya kk tasya""",Bullying,22 Juni 2019,@tasyakamila,,
426,@owengbrl,"""Dikasih bidadari malah minta lonte""",Bullying,2 Juni 2020,@eeericko,,
292,@amalia.oktafina,"""definisi minat ketemu bakat ketemu kerja keras""",Non-bullying,13 Februari 2021,@isyanasarasvati,,
381,@nikedamyan,"""MashaAllah‚Ä¶ udh cantik, pinter, jago nyanyi dn mainin alat musik pula neng @isyanasarasvati ngefans bener ini mah""",Non-bullying,13 Februari 2021,@isyanasarasvati,,
582,@ekaacahyaaa,"""kakak cantik bgt bismillah cerdasnya nular""",Non-bullying,2 April 2021,@maudyayunda,,
431,@hugoovianaaa,"""Yang merasa peliharaannya lepas, tolong diangkut""",Bullying,29 November 2020,@rosameldianti_,,
209,@dfaayzaqp,"""Stop lah ngatain orang lain lu pada itu yg ngatain orang lain ngaca dlu sebelum ngatain kayak suci aja hidup lu pada""",Non-bullying,9 Agustus 2020,@eeericko,,
291,@kazuyaisaam,"""Saya berharap kak @isyanasarasvati panjang umur. Sehingga bisa jadi inspirasi untuk musisi seluruh Indonesia. Saya suka musik indonesia dengan adanya kak Isyana""",Non-bullying,28 September 2020,@isyanasarasvati,,
321,@niken_mutiara_sary,"""Hbd mbak mel tambah cantik di panjangkan umurnya dan sehat selalu""",Non-bullying,29 November 2020,@rosameldianti_,,
333,@windasarimulyadi,"""Nih orang manis bnget sihh ga ngerti lagi""",Non-bullying,6 Mei 2020,@syifahadjureal,,
193,@lailyfazriah,"""Harusnya lo aja yang menderitaaa bukan lora anj!!!!!!!!!""",Bullying,8 Agustus 2020,@gagamuhammad,,
610,@ganimhermawan,"""dikasi yang bening malah milih yang dakian""",Bullying,20 Maret 2020,@eeericko,,
445,@aji_0310,"""Udaah woii udahh lu gak kasihan apa‚Ä¶. Aku capek ngelike komenan kalian""",Non-bullying,20 Maret 2020,@eeericko,,
382,@alyafdhlh_,"""Kak jessica yg nungguin+setia sm kk loh pas ad masalah kmrn. Tapi kk ga ngehargain malah lbh milih yg d sono""",Non-bullying,20 Maret 2020,@eeericko,,
306,@taniaaw123,"""Meldi udah dapat kontrak endorse skincare ya tapi kok mukanya tetap jelek si?""",Bullying,22 Desember 2020,@rosameldianti_,,
239,@joy81shop,"""Ni org jelek ga ada obat.kok jj mau liat apa ya..""",Bullying,9 Agustus 2020,@eeericko,,
631,@azizah_rahman10,"""Kaya adek kakak.. kak gigi keliatan muda banget""",Non-bullying,29 Mei 2021,@raffinagita1717,,
105,@anazd_k,"""udah dong. Lagi ngunyah aja cute banget""",Non-bullying,10 April 2021,@raisa6690,,
115,@_sigesrek,"""aku memutuskan untuk menjadi fans isyana. gila keren banget ya, otak mereka berdua bisa berfungsi dg menjalankan perintah ke tangan dan kaki, di waktu bersamaan""",Non-bullying,13 Februari 2021,@isyanasarasvati,,
156,@kgaadanamany,"""Dikasih bidadari malah milih setan""",Bullying,20 Maret 2020,@eeericko,,
222,@mvq024,"""Emang kalian se suci apa sampai nghina dia segitu nya""",Non-bullying,2 Juni 2020,@eeericko,,
8,@drchristlesman,"""masih good vibes walaupun sedang lapar""",Non-bullying,2 April 2021,@maudyayunda,,
249,@aldy_rhmd_,"""Muka lu kok cabul banget sih bg hahah""",Bullying,26 April 2021,@eeericko,,
487,@atharidho_,"""lu lebih gak sopan, mukak lu kayak babi!""",Bullying,3 Maret 2021,@lutiagizal,,
337,@ridho52517,"""Di atm tinggal 150 ribu aja banyak gaya lu dugong""",Bullying,29 November 2020,@rosameldianti_,,
639,@nikenwidd_,"""Bang, aku nonton kamu setelah aku kerja di Jepang. Bermanfaat bgt kontennya jd gampang kalo mau nyari apa apa di Jepang""",Non-bullying,17 Februari 2021,@jeromepolin,,
330,@lesyaarr,"""loh kok ak liatnya anjing semua yaa""",Bullying,20 Maret 2020,@eeericko,,
322,@meta_fira,"""Maap kalau gua sering nyamain lu sama dugong soalnya emang mirip""",Bullying,22 Desember 2020,@rosameldianti_,,
290,@sessy_abramsz,"""Warna yang paling bikin Raisa makin shinning itu merah, hitam, putih, pink and emerald""",Non-bullying,17 Maret 2021,@raisa6690,,
141,@inaciac7,"""Lucunya berasa kayak kaka dan adek""",Non-bullying,29 Mei 2021,@raffinagita1717,,
214,@anisa_lubis12,"""Elu juga semoga semakinlebih baik dalam segala hal, terutama akhlak dan etikanya""",Non-bullying,31 Desember 2020,@rosameldianti_,,
44,@lukmanul.16,"""Santuy aja bang ga usah di tanggepin,btw gw suka gaya lo""",Non-bullying,20 Maret 2020,@eeericko,,
43,@sns_sub,"""Apaan si melet2 sok ganteng""",Bullying,28 Maret 2020,@eeericko,,
74,@fettyfuriyanireal96,"""Suka bgtt sm kak cipaa.. orangnya humble sm semua orang dan banyak temannya juga""",Non-bullying,17 Juni 2020,@syifahadjureal,,
583,@ananddmanangkasi,"""BANTU BEDAINN WOYY MANA ANJING MANA BABI""",Bullying,20 Maret 2020,@eeericko,,
606,@ibnufasha_16,"""ANJING SINI LO BAKU HANTAM AYO""",Bullying,22 Mei 2020,@ferdianpalekaa00,,
67,@erminah20,"""ORANG INI TERLIHAT SANGAT SANGAT STRES DAN GILA""",Bullying,3 Maret 2021,@lutiagizal,,
12,@RZIKIILHAM568,"""Njir meskipun udh lama nih poto di post tapi masih banyak yg komen baru2""",Non-bullying,20 Maret 2020,@eeericko,,
200,@neng_fitri_masraina,"""Kasihan ular dibawa bawa kamu gak pantas jadi ular pantasnya jadi bunglon atau buaya..""",Bullying,30 November 2020,@rosameldianti_,,
528,@hasana_usna,"""Congrats kak, kamu memang pantes mendapatkannya""",Non-bullying,04 April 2021,@isyanasarasvati,,
605,@erdizairaputri,"""Lelaki yg mendapatkan km. Adalah lelaki yg beruntung.""",Non-bullying,24 Mei 2020,@syifahadjureal,,
434,@nikhtavani,"""Setan emg melet2 teross jijik asuuu""",Bullying,28 Maret 2020,@eeericko,,
260,@muhammadmarselnur,"""Semoga sehat selalu bayi dalam kandungan nya sama ibunya ya.""",Non-bullying,31 Mei 2021,@raffinagita1717,,
368,@desysr,"""Pakaian apapun yg dipake mama gigi selalu keceee""",Non-bullying,31 Mei 2021,@raffinagita1717,,
533,@isacgibran,"""Kakak pinter nyanyi ya @syifahadjureal, suaranya bagus kak""",Non-bullying,6 Mei 2020,@syifahadjureal,,
585,@andipulau123,"""Nggak ada cantik-cantik nya hahaha""",Bullying,18 Desember 2020,@rosameldianti_,,
84,@allyv_zkrri,"""Narkoboy kontol, Cuma bisa maen cewe sama nyakitin doang lu anjing, mati aja lu bego""",Bullying,20 Maret 2020,@eeericko,,
438,@kasih_sliver87,"""Sukaa bnget sm artis ini‚Ä¶ nggak neko2.. dan natural bngett""",Non-bullying,21 Maret 2021,@maudyayunda,,
625,@itsme.imel__,"""Artis remaja di Indonesia yg manis bgt kalo senyum Cuma dia deh perasaan yg nempel di hati""",Non-bullying,17 Juni 2020,@syifahadjureal,,
510,@pendekar_payunghitam,"""Itu muka kayak penuh tekanan banget""",Bullying,11 Desember 2020,@rosameldianti_,,
80,@rahmaaaaliaaaaa,"""Kakak udah cantik sii, tapi cantikan lagi kalo pake hijab""",Non-bullying,24 Mei 2020,@syifahadjureal,,
24,@gudlukinhmn,"""3 anjing 1 anjing berwujud manusia, 2 anjing asli tak ada perwujudan aowkwkw""",Bullying,20 Maret 2020,@eeericko,,
228,@raffa_wahyu_abadi88,"""HBD meldi‚Ä¶ Semoga sukses selalu dan panjang umur dan rejekinya di lancarkan.. Amin""",Non-bullying,29 November 2020,@rosameldianti_,,
371,@annafrrozen,"""Gw melihat cewek murahan di postingan ini""",Bullying,2 Juni 2020,@eeericko,,
598,@kikysisilyaa,"""Editan softlensnya keluar itu mbaknya, kayak ratu titisan ular kamu wkwkwk""",Bullying,30 November 2020,@rosameldianti_,,
237,@andhikaprat_,"""Santai rick yg ngehujat lo belom tau perjalanan hidup lo aja! Mereka hanya sok suci!""",Non-bullying,9 Agustus 2020,@eeericko,,
235,@adityazuko,"""Nggak ngumpul bareng mami isa lagi kan kamu yang paling gembrot disana""",Bullying,18 Desember 2020,@rosameldianti_,,
312,@ykzlk_sk,"""ka nisa mirip ariana grande masa""",Non-bullying,5 April 2021,@maudyayunda,,
257,@destiatnrr_,"""Suka banget sama rambutnyaa tambah ganteng""",Non-bullying,26 Maret 2020,@eeericko,,
138,@filsiyiii,"""Keliatan bgt anjingnya ketakutan foto sama dakjal""",Bullying,20 Maret 2020,@eeericko,,
275,@wijaya_stanleyp9,"""Foto jelek dihujat, foto ganteng dibilang sok ganteng""",Non-bullying,26 Maret 2020,@eeericko,,
236,@arga_kncn,"""Awalnya ngira baju endorse dari KFC, mirip '-'""",Non-bullying,7 April 2020,@eeericko,,
581,@mel.echan,"""paan melet melet mau jilat tai tabi?""",Bullying,28 Maret 2020,@eeericko,,
212,@abdurahmanshq,"""yang aku suka dari dia adalah selalu cukur jembut sebelum manggung""",Bullying,14 Oktober 2019,@isyanasarasvati,,
10,@ferdiikun,"""Kukira kehadiranmu akan menjadi sesuatu kebanggaan, ternyata tidak""",Non-bullying,20 Maret 2020,@eeericko,,
614,@yiunita,"""Nah ini cantik seneng. Usahanya membuahkan hasil. Semangat ya mel semoga menjadi pribadi yang lebih baik lagi""",Non-bullying,20 Desember 2020,@rosameldianti_,,
301,@aini.eni.142892,"""Maudy cantik na natural bnr2 cantik bgt, cantik luar dlm""",Non-bullying,21 Maret 2021,@maudyayunda,,
357,@cal1s_,"""Udah tutup mulut nya bau kambing""",Bullying,7 April 2020,@eeericko,,
636,@ayumeiaa,"""Benci aja Ama orang jelek pake selingkuh segala""",Bullying,7 April 2020,@eeericko,,
575,@riskarmdhni,"""Aura org pinter emg shining ya bun @hy_dindut""",Non-bullying,21 Maret 2021,@maudyayunda,,
85,@bilqistiarais,"""Kasihan ya kamu @rosameldianti_ Hidup sekali cuman buat bahan hujatan masyarakat‚Ä¶ Mubadzir banget deh hidup lo‚Ä¶ Napa gak bunuh diri aja?""",Bullying,30 November 2020,@rosameldianti_,,
297,@taniaaw123,"""Udah dapat kontrak dari skincare ttp aja buluk mel""",Bullying,7 Desember 2020,@rosameldianti_,,
444,@immjeafhlvi_,"""Anjing sekarang hebat ya, bisa pake kacamata""",Bullying,20 Maret 2020,@eeericko,,
204,@innetrii,"""Meldi meskipun kadang mulut ku tak bisa di rem karena kehaluanmu, tapi aku bangga akan berusaha mu, yuhuuu""",Non-bullying,10 Januari 2021,@rosameldianti_,,
197,@julypit_ ,"""Unfoll aja daripada kalian dosa ngebully2 terus..""",Non-bullying,30 November 2020,@rosameldianti_,,
279,@__yohanatan__,"""Bagusan foto pakai masker drpd gak pakai masker""",Non-bullying,26 Desember 2020,@rosameldianti_,,
94,@dedehfp,"""Mama gigi gapernah ga cantik sih kalo menurut aku.""",Non-bullying,31 Mei 2021,@raffinagita1717,,
408,@xrygirlz,"""EH KEK ADA PENAMPAKAN LONTE""",Bullying,2 Juni 2020,@eeericko,,
464,@pptsptyn,"""cantik sih, tapi sayang kurus ya. padahl udh nikah lo, kurang bahagia sama pernikahannya?""",Bullying,19 Desember 2020,@isyanasarasvati,,
593,@moonicagstt,"""udah nemenin dari masa tersulit lo pas udah keluar malah selingkuh, ga nyangka idola gua sesampah itu.""",Bullying,20 Maret 2020,@eeericko,,
29,@nakhanadia12,"""Rambutnya kak modd bagussss‚Ä¶ Item berkilauu""",Non-bullying,5 April 2021,@maudyayunda,,
185,@raihan.kh,"""Ada 3 Ajg Dan Yg Punya Tato Bener2 Ajg""",Bullying,20 Maret 2020,@eeericko,,
523,@ichafiii,"""Gk salah kalo kak syifa cantik mamahnya aja cantik bgtt!! Jujurr""",Non-bullying,24 Mei 2020,@syifahadjureal,,
179,@indrilestari091197,"""Lupa di edit ya tu muka melar""",Bullying,10 Januari 2021,@rosameldianti_,,
261,@maymichelle99,"""Maap ye‚Ä¶muke lu udh jelek kaga usah sok selingkuh,cakepan anjing gua noh""",Bullying,26 Maret 2020,@eeericko,,
154,@kicek_kocak,"""Eh bocah mending Lo mati aja GAK guna juga ada orang kayak lo hahahahaha""",Bullying,5 Mei 2020,@ferdianpalekaa00,,
76,@hartaman_soe,"""@rosameldianti_ kakak foto sebelum ini. kenapa Memeknya Keliatan Tebal???? Memeknya kakak Lagi Bengkak yah???""",Bullying,26 Desember 2020,@rosameldianti_,,
504,@dian.iswr,"""Anjingnya ada dua kok guys, tapi kok lagi satu gue liat ada babi item""",Bullying,20 Maret 2020,@eeericko,,
93,@rosameldiantifansclub,"""Tambah cantik aja rosa meldianti""",Non-bullying,18 Desember 2020,@rosameldianti_,,
355,@ayyuintn,"""Ka yaya kalo ragu tetep secantik itu yah :"")""",Non-bullying,17 Maret 2021,@raisa6690,,
69,@depi1310,"""Pantesan kak Jessica bilang bang jerom beruang wkwkwk""",Non-bullying,17 Februari 2021,@jeromepolin,,
483,@dikha.wirasathya,"""Inimah bukan main alat musik lagi. Olahraga jari dan kaki ini mah""",Non-bullying,13 Februari 2021,@isyanasarasvati,,
336,@louis.edrt,"""Okay bro kalem aja, tetap semangat dan jangan putus asa""",Non-bullying,5 Mei 2020,@ferdianpalekaa00,,
189,@zulfaqinan,"""Tangannya hitam‚Ä¶ beda ama muka""",Bullying,13 Januari 2021,@rosameldianti_,,
16,@itsme_inr,"""Yakinin dulu niatnya bg‚Ä¶ Semoga sukses""",Non-bullying,17 Februari 2021,@jeromepolin,,
437,@luvmeltedcheese,"""Semangatt, kesalahan dalam belajar bahasa asing itu penting. Karena itu pembelajaran utamanya, supaya kesalahannya ga terulang""",Non-bullying,10 Januari 2021,@rosameldianti_,,
410,@sumiyati_yudi2,"""MasyaAllah Rafathar tambah besar makin tambah ganteng bgt gk kuat ngeliat alisny‚Ä¶""",Non-bullying,31 Mei 2021,@raffinagita1717,,
89,@riaros,"""Cantik banget kalo meldi muka natural kek gini""",Non-bullying,20 Desember 2020,@rosameldianti_,,
546,@niko_panji.bp,"""Bikin skandal karena kepengen tenar?""",Non-bullying,20 Maret 2020,@eeericko,,
118,@adeellristi13_,"""Jangan patah semngat kak sukses terus""",Non-bullying,28 Juni 2020,@ferdianpalekaa00,,
626,@ekoxapriyanto,"""Apa si hebatnya banci yg badannya penuh koreng kaya lo""",Bullying,26 Maret 2020,@eeericko,,
488,@dwiwarochmah,"""Gak ada orang lain yang bangun tidur siang secantik ini selain ka yaya""",Non-bullying,9 Mei 2021,@raisa6690,,
34,@mamggala,"""Mel disini kamu keliatan cakep""",Non-bullying,11 Desember 2020,@rosameldianti_,,
1,@khanayarudinita,"""Makin jelek aja anaknya, padahal ibu ayahnya cakep2""",Bullying,22 Juni 2019,@tasyakamila,,
643,@malikah_06,"""makin tua makin muda yehh mukanya, mana cantik bngett mo nangiss ampun cantik terus ka yaya""",Non-bullying,9 Mei 2021,@raisa6690,,
251,@no_chuuuuu,"""mba isyana udah cantik suaranya bagus kompeten pula, ah sukaaaa""",Non-bullying,15 Agustus 2020,@isyanasarasvati,,
413,@anggrainikoenang,"""mba bisa gk sih, kalau gk merem melek gitu matanya kaya orang cacingan""",Bullying,20 Desember 2020,@rosameldianti_,,
397,@riostryn,"""Look-nya Rafathar emang gak bisa dipungkiri, diborong gen mama gigi semua HAHA.""",Non-bullying,29 Mei 2021,@raffinagita1717,,
500,@fauziahamanda_02,"""Gak ada cantiknya. Gila yang ada""",Bullying,13 Januari 2021,@rosameldianti_,,
303,@ahmd_yahdi,"""Hidup itu jngn keterlaluan boss playboy amat ajg luu""",Bullying,28 Maret 2020,@eeericko,,
23,@syi_faalatas,"""Apaan sih gak jelas hidupnya""",Bullying,28 Desember 2020,@rosameldianti_,,
62,@bagusssrh,"""Heee sampah lu udah gua maafin TAPI BOONG GOBLOK""",Bullying,22 Mei 2020,@ferdianpalekaa00,,
117,@gilbert_gotardo,"""Eh jangan dekat dekat sama anjingnya ci Jessica gua lempar lu""",Bullying,20 Maret 2020,@eeericko,,
502,@novidianprismaw,"""Kenapa cantik banget aku heran dilihat dari samping kanan kiri depan dll tetep aja cantik""",Non-bullying,30 April 2021,@raisa6690,,
229,@zamaleling,"""Selamat ulang tahun mel, udah yah jangan banyak tingkah""",Non-bullying,29 November 2020,@rosameldianti_,,
90,@riskyapp,"""Kok makin dewasa makin imutt aih cipaaaaaa""",Non-bullying,6 Mei 2020,@syifahadjureal,,
183,@dandipriambodo,"""Semangat gaga, jangan liat kebelakang fokus aja kedepan, masih muda masih banyak yg lebih baik juga.""",Non-bullying,8 Agustus 2020,@gagamuhammad,,
276,@maskersssssj,"""Bra nya kedodoran kak make ukuran gede yaa""",Bullying,20 Desember 2020,@rosameldianti_,,
285,@riyan_w_p,"""Bego lu. Alam semesta dan seisinya pun serentak murka mendengarkan lagumu""",Bullying,2 Juni 2021,@denisechariesta,,
19,@lennyliando,"""Ibu kamu pelakor plus hamil di luar nikah ya? Pantesan anaknya kyk gini modelannya""",Bullying,16 Juni 2020,@listychanpokemon,,
496,@hafizdonjuan,"""ganteng kaga lu begitu malah keliatan kaya daki kontol""",Bullying,26 Maret 2020,@eeericko,,
400,@ciky_yy,"""Kasihan ya , Nagita punya suami kerjaannya berzinah terus""",Bullying,31 Mei 2021,@raffinagita1717,,
145,@kennjiii_077,"""Erick masuk neraka jalur selingkuh bos""",Bullying,9 Agustus 2020,@eeericko,,
339,@andra_jnsyah_14,"""Tambah gede aja rafathar ya tambah pinter ya Rafathar""",Non-bullying,29 Mei 2021,@raffinagita1717,,
520,@patmisrisupatmi501,"""Dilihat sekilas pun tampak jelas kalau cantikkan syifa""",Non-bullying,10 Juni 2020,@syifahadjureal,,
586,@nandadzrizkia,"""Ntar Mati dalam keadaan konyol""",Bullying,28 Maret 2020,@eeericko,,
433,@aowkaowkaowk__,"""Idihhhhh pantesan aja foto nya keluarin lidah kyk gtu. Trnyata tukang jilat‚Ä¶""",Bullying,28 Maret 2020,@eeericko,,
406,@ike_wulandari01,"""Setuju g sih? Si dia tetep cntik bgt meski g pke make up‚Ä¶ lah aku g pke make up pucet bgt kyk g makan setahunn""",Non-bullying,17 Juni 2020,@syifahadjureal,,
47,@sidrarachman,"""Beda sama d foto yaa.. Disini lebar banget mukanya maaf itu kalau foto editan ya""",Bullying,10 Januari 2021,@rosameldianti_,,
262,@menisa6634,"""Woy Lutfi asu , sok asik Lo ANJING !""",Bullying,8 Desember 2020,@lutfiagizal,,
196,@rani__ara,"""Suka heran sama yg ngehina fisik,, ternyata bener ya kita semua pendosa dengan cara kita sendiri,,""",Non-bullying,26 Desember 2020,@rosameldianti_,,
650,@inxxzrbc,"""yaelah muka pas""an aja bangga lu njing""",Bullying,2 Juni 2020,@eeericko,,
541,@hestipurwadinata,"""Udaaaahh nontonnnnn.. lagunya bajunya makeup dan hairdo nyaaa sukaakkkk""",Non-bullying,10 April 2021,@raisa6690,,
108,@sasqiaraz,"""Tapi dia sekarang dah berubah gak kayak dulu kalau yang gue lihat""",Non-bullying,29 November 2020,@rosameldianti_,,
425,@o_em_ji,"""erick yang kek gini yang gua kangenin, keep it up bruuh""",Non-bullying,13 Januari 2021,@eeericko,,
458,@lilianaameera,"""Muka kek slangkangan biawak aje bnyk blagu lu""",Bullying,28 Maret 2020,@eeericko,,
305,@itsme_lila25,"""Cantik semua congrats kak msuk nominsi tc candler""",Non-bullying,5 April 2021,@maudyayunda,,
621,@salsabilangin,"""Sering blg ke org2 artis cewek yg menurutku paling cantik syifa sama ziu""",Non-bullying,10 Juni 2020,@syifahadjureal,,
584,@callmehanif_,"""Indahnya pemandangan banyak LonT lonT mau di jual""",Bullying,2 Juni 2020,@eeericko,,
579,@naviafadia,"""Kok mbak meldi sekarang tambah cantik ya rahasianya apa..""",Non-bullying,22 Desember 2020,@rosameldianti_,,
479,@vito_adn07,"""Selamat tahun baru mbak, semoga jadi pribadi yang lebih baik amin""",Non-bullying,31 Desember 2020,@rosameldianti_,,
531,@drian_riza,"""Lagu lu ga ada yang laku ya mel??""",Bullying,18 Desember 2020,@rosameldianti_,,
634,@dwiengine,"""Bagusan pantat panci aing atuh anjir""",Bullying,22 Desember 2020,@rosameldianti_,,
150,@prelovedbabyzee_,"""Meldi ini lama lama cantik loh tinggal dibenerin akhlak dan adabnya pasti makin sip""",Non-bullying,31 Desember 2020,@rosameldianti_,,
125,@nikitadmynti.s,"""kok kalian komennya pada kek gini ya""",Non-bullying,2 Juni 2020,@eeericko,,
515,@shinlamanepa,"""Ini buat konten.. masa putus foto tabi sama jessica engga dihapus ?""",Non-bullying,20 Maret 2020,@eeericko,,
560,@eitralala,"""makaseh jugaa kakaaa inyeeuuuu semoga aku bisa pantang menyerah seperti kakak dan teman musisi lainnya yaaa""",Non-bullying,28 September 2020,@isyanasarasvati,,
186,@nandaanvta_,"""Lu bener' ga.kalo sempet nyakitin lora gue santet!!!!!""",Bullying,8 Agustus 2020,@gagamuhammad,,
553,@gadiiiiisssss,"""Jelek aja tukang selingkuh lo buriq !!!!""",Bullying,2 Juni 2020,@eeericko,,
350,@fenninbl,"""makan nasi padang aja begini badannya""",Non-bullying,14 Oktober 2019,@isyanasarasvati,,
641,@agustindian276,"""Suka heran sama warga +62 sukanya ngehujat orang mulu, dapat pahala kagak dosa mah iya""",Non-bullying,18 Desember 2020,@rosameldianti_,,
599,@rafaelardan_,"""Potret ketika anjing poto dengan setan""",Bullying,20 Maret 2020,@eeericko,,
143,@lialiya25,"""Lu diem aja cantik mel kalo ga banyak gaya serius""",Non-bullying,20 Desember 2020,@rosameldianti_,,
142,@grapepush0a,"""Gatau lagi, serasa nonton wtf beneran di jkt meski virtual and thankyouu for the performance kak syan! Selalu keren dan pecah! Tak pernah sekalipun mengecewakan""",Non-bullying,28 September 2020,@isyanasarasvati,,
637,@ramdhn._.n,"""Kalo disuruh melihara anjing/eric gw pilih anjing aja meski Najis tapi lebih najisan erick kontol""",Bullying,20 Maret 2020,@eeericko,,
20,@zr_cho,"""Jangan ada hitam diatas putih. Langsung proses""",Non-bullying,5 Mei 2020,@ferdianpalekaa00,,
173,@bekkkyyyyy,"""yash we the fest even virtual tapi tetep keren bgt kak syann huaaa energi nya dpt bgt""",Non-bullying,28 September 2020,@isyanasarasvati,,
527,@ramadhanap__,"""editan sama konsepnya nice banget lahhh""",Non-bullying,2 Juni 2020,@eeericko,,
13,@misnasari26,"""Bang sering-sering dong buat vidio bareng sutan dia kayanya juga seneng ama bang jerom""",Non-bullying,27 Februari 2021,@jeromepolin,,
26,@fjrnstyawan_,"""Kok jatohnya malah kek ajg sih rikkk""",Bullying,13 Januari 2021,@eeericko,,
452,@misscahyani,"""Aamiin. Doa baik juga untuk Meldi""",Non-bullying,31 Desember 2020,@rosameldianti_,,
170,@aliffprmanaa,"""Mukak lo kayak tapir kuda asu sok ganteng banget lo""",Bullying,26 Maret 2020,@eeericko,,
453,@kevin_mara88,"""Semangat mel, bahasa asing mah yang penting kita berani pasti entarnya bisa""",Non-bullying,10 Januari 2021,@rosameldianti_,,
356,@juniartibs,"""Gila Netizen pada sempurna ngehina orang terus""",Non-bullying,22 Desember 2020,@rosameldianti_,,
246,@kikysisilyaa,"""Palsu badane diedit semua tu, aslinya dimana2 lemak""",Bullying,7 Desember 2020,@rosameldianti_,,
299,@breath_ice2,"""Motivasi ku ka Maudy cantipp bngt""",Non-bullying,22 Maret 2021,@maudyayunda,,
570,@mochzakin,"""Lonte kurus pucet kek mayat hidup""",Bullying,2 Juni 2020,@eeericko,,
273,@leonardis445,"""guys dr pd comment2 mending unfoll sm unsubscribe aja yaa""",Non-bullying,20 Maret 2020,@eeericko,,
155,@nurainiikazulianaa,"""Ya allah ga tau knp ak suka setiap lihat nagita pake dress modelnya cakep cakep""",Non-bullying,31 Mei 2021,@raffinagita1717,,
127,@nisauliaaa._,"""kesini cmn mo liat komen aja""",Non-bullying,20 Maret 2020,@eeericko,,
501,@rubybee_16,"""Di foto tirus.. Kalo di video wariorr kok mukanya kek donat gak ada bentuknya""",Bullying,13 Desember 2020,@rosameldianti_,,
288,@cece_rossalien,"""Berkarya teros meldi walo ga ada yg nuntun kamu.""",Non-bullying,7 Desember 2020,@rosameldianti_,,
114,@rzkychdra_,"""Ini bukan era lo lgi, wkwkw skrng lo penuh dengan cacimaki, telen ludah sendiri""",Bullying,2 Juni 2020,@eeericko,,
482,@nadhiya_za,"""Semoga lancar terus usahanya mel""",Non-bullying,20 Desember 2020,@rosameldianti_,,
174,@weirdlifes_,"""Sutan kamu sangat lucu dan menggemaskan""",Non-bullying,27 Februari 2021,@jeromepolin,,
58,@isyanation.batam,"""Thank you juga, Syan! Seneng banget kemarin haha! Semoga setelah pandemi ini, semua rencana dilancarkan ya, Syan!""",Non-bullying,28 September 2020,@isyanasarasvati,,
478,@jenio_rh,"""Jadi gila kau rupanya karna gak laku lagi di YouTube""",Bullying,13 Januari 2021,@eeericko,,
223,@hijabmurah.reseller,"""cewe cakep, setia kok disia sia in sahabat""",Non-bullying,20 Maret 2020,@eeericko,,
281,@santi_azkadinasakhi,"""sumpah aslinya muka lo lebar kayak baskom loh mel @rosameldianti_""",Bullying,7 Desember 2020,@rosameldianti_,,
18,@xrnggaty__27,"""yang kedua dari sebelah kanan itu batik apa orang dah? kok warna nya kek taek babi si?""",Bullying,2 Juni 2020,@eeericko,,
358,@habibiwijaya_,"""Semangat bang, walaupun banyak orang yang ngejudge lu. Jangan peduliin mereka""",Non-bullying,9 Agustus 2020,@eeericko,,
256,@dwitrynurvita,"""Happy Birthday kak Meldi yang imut n ngegemesin. Tambah sukses selalu""",Non-bullying,29 November 2020,@rosameldianti_,,
365,@mentariprajna,"""Gilaaaa.. gila.. gilaaaa Tangan, kaki, ekspresi, n emosi tertuang adi suatu karya yg fantastis""",Non-bullying,13 Februari 2021,@isyanasarasvati,,
623,@qoriah7588,"""Setidaknya dia ngaku. bukan belagak pintar""",Non-bullying,10 Januari 2021,@rosameldianti_,,
191,@otiv_real,"""Ragu aja cantiknya udh kek gini, gmn kl yakin yak, cantiknya kek apa, heran""",Non-bullying,17 Maret 2021,@raisa6690,,
383,@yolasinamo,"""hua seneng bgt kmrn walaupun Cuma 35 menitan tp seneng liat isyan, adaptasi kebiasaan baruku semoga bisa lebih teratur maemnya, ditunggu karya selanjutnya kaka""",Non-bullying,28 September 2020,@isyanasarasvati,,
571,@shashaan_,"""Padahal sejak dia sama Jane aku lebih respect :( skrg bener2 udah hilang respect :(""",Non-bullying,20 Maret 2020,@eeericko,,
328,@plugstamp,"""Trs berkarya walaupun brd di titik sprti ini""",Non-bullying,9 Agustus 2020,@eeericko,,
95,@dessy_______,"""Manusia apa bidadari sih herann deh cantik terus üòå‚ô•Ô∏è""",Non-bullying,14 Oktober 2019,@isyanasarasvati,,
181,@nissaginting,"""Demi apa, Kak Yaya gk pernah ngeRAGUin para pendengar lagu2 nya""",Non-bullying,17 Maret 2021,@raisa6690,,
302,@rika_chuby,"""Fotonya lainnya jangan yang ini, kan masih banyak yang lebih cantik ihhh biar gak kena hujat kamu ihh, aku mah kasihan""",Non-bullying,29 November 2020,@rosameldianti_,,
443,@mantap2560,"""Kasian yah sdh stress banyak masalah""",Bullying,13 Januari 2021,@eeericko,,
396,@goldyfonda,"""Ya ampun ketiak dan lemaknya editan parah wkwk""",Bullying,29 November 2020,@rosameldianti_,,
537,@wats_yor_namber,"""Astaghfirullah, seram sekali ya bun seperti ular jelmaan makhluk halus ya bun""",Bullying,30 November 2020,@rosameldianti_,,
375,@anjuketaren,"""Banyak yg kecewa karena lu begini rik!!!!""",Non-bullying,26 Maret 2020,@eeericko,,
6,@denisyundaa,"""nikmatnya bisa menghirup oksigen dengan bebas ya :)""",Non-bullying,28 Juli 2020,@isyanasarasvati,,
46,@deni_riski,"""Semoga adeknya rafathar menjadi anak yang tangguh kuat cerdas""",Non-bullying,31 Mei 2021,@raffinagita1717,,
353,@aardyyyy,"""Dulu Bahagia Sekarang Banyak Utang""",Bullying,2 Juni 2020,@eeericko,,
642,@_mang_agus_,"""Mantan Anjing, eh kebalik anjing mantan""",Bullying,20 Maret 2020,@eeericko,,
457,@isyanaku,"""Keren banget!!! walaupun sebentar tapi mantap abis! Ditunggu karya selanjutnya ya kak! Stay safe and healthy isyana ku""",Non-bullying,28 September 2020,@isyanasarasvati,,
17,@etikawatianiek,"""smga semua kelg dan crew sehat semua.. dan rejeki trs lancar ya kak gigi..""",Non-bullying,31 Mei 2021,@raffinagita1717,,
49,@dhirgalambe,"""Mending masuk penjara lagi aja dah seumur hidup""",Bullying,20 Maret 2020,@eeericko,,
629,@aimdumb,"""jelek dapet selingkuhan jelek juga keren yaa imbang wkkw""",Bullying,9 Agustus 2020,@eeericko,,
594,@muyasashop,"""Biasa nya aq nangis kalo lagu nya seiihh, kalo sekarang nangis karna saking bagus nya lagu nya""",Non-bullying,13 Februari 2021,@isyanasarasvati,,
4,@teukualmunawir,"""Jadi diri sendiri, jangan jadi ular apalagi dugong""",Bullying,18 Desember 2020,@rosameldianti_,,
391,@jannah.henna,"""Menurutku pribadi, dia tulus minta maafnya‚Ä¶.""",Non-bullying,28 Juni 2020,@ferdianpalekaa00,,
361,@ms.rquell,"""Org kampung otak dusun gaya sosoan hype. Ttep aja gabisa nutupin muka babu lu.""",Bullying,28 Maret 2020,@eeericko,,
317,@suka.prihatin,"""Lebih najis elu daripada anjing!""",Bullying,20 Maret 2020,@eeericko,,
284,@gideonadi.1st,"""ya biarin @xrickolim kita gatau gimana aslinya masa kalian semua ambil keputusan sepihak?kalo udah takdir gaada yang bisa nentang njir""",Non-bullying,2 Juni 2020,@eeericko,,
435,@ashha._,"""Dikasih bidadari malah milih sampah""",Bullying,2 Juni 2020,@eeericko,,
286,@_raibaru19,"""Ternyata sipat anjing bukan hanya ada di anjing doang ya,di manusia sipat anjing juga ternyata ada""",Bullying,20 Maret 2020,@eeericko,,
362,@abrxrr,"""Postingan pertama jg dihujat dong gila netijen""",Non-bullying,20 Maret 2020,@eeericko,,
226,@ahmadnfsv,"""Damage nya cewek pinter gada lawann""",Non-bullying,22 Maret 2021,@maudyayunda,,
27,@duba_ng,"""Bully an di ig lebih ngeri daripada di fb ajg gua jadi ngerii! Ajgg",Non-bullying,28 Maret 2020,@eeericko,,
619,@a.nadityaaa_,"""Gosh, tiap kali lihat isyana mainin alat musik kaya lihat jiwanya beda. Merinding gila. Kaya kepribadiannya jadi serius bangett""",Non-bullying,13 Februari 2021,@isyanasarasvati,,
264,@xmxexgxaxr,"""Penyihir secantik ini gue rela dikutuk jadi tokek laut""",Non-bullying,10 April 2021,@raisa6690,,
51,@frdaanii24_,"""Pengen gw pacul mulut lo!! woii anjeng busuk""",Bullying,3 Maret 2021,@lutiagizal,,
230,@ajengrahayu80,"""Mukanya kayak lagi ngeden pas boker""",Bullying,11 Desember 2020,@rosameldianti_,,
38,@mahrani29,"""Walaupun ga pernah lihat ka isyana live beneran di panggung. Tp aku terpesona bgt ama live virtual asli keren""",Non-bullying,28 September 2020,@isyanasarasvati,,
158,@retfyfiani,"""Muka nya kok gitu, seren bikin mual liatnya""",Bullying,28 Maret 2020,@eeericko,,
238,@dongo20200,"""Lama lama mirip dewi persik ya""",Non-bullying,18 Desember 2020,@rosameldianti_,,
624,@joxaeline,"""Njr melet melet gw kirain hewan""",Bullying,28 Maret 2020,@eeericko,,
176,@nnunnoadrn_,"""SIKAP MU LEBIH NAJIS DARIPADA LUDAH ANJING!""",Bullying,20 Maret 2020,@eeericko,,
547,@xdebyy23,"""Anak gblk dikasi berlian malah milih kerikil""",Bullying,2 Juni 2020,@eeericko,,
418,@aaurellp,"""Gtu aj dh kek anjg lo kang""",Bullying,28 Maret 2020,@eeericko,,
195,@real_sya9818,"""Yang sabar yah,tetep semangat ngejar karirnya jangan dengerin kata orang mereka Cuma bisa ngebacot di komen doank""",Non-bullying,9 Agustus 2020,@eeericko,,
549,@zhrmldiaa_,"""Padahal cantikan jessica kemana mana""",Non-bullying,2 Juni 2020,@eeericko,,
588,@qnfkn,"""Babi lagi main ma anjing :)""",Bullying,20 Maret 2020,@eeericko,,
628,@dewie_ten11,"""Baik buruk nya kamu akan tetap terlihat buruk di mata mereka yang ga menyukai mu..""",Non-bullying,13 Januari 2021,@rosameldianti_,,
555,@arshylaaa,"""udah buriq brengsek pula pantes aja dapet lonte""",Bullying,28 Maret 2020,@eeericko,,
68,@anisazaharaf,"""Muka lu keriput kek aki aki""",Bullying,26 Maret 2020,@eeericko,,
384,@yulimaya89,"""Masyaallah cantik terlihat sopan dan anggun""",Non-bullying,11 Desember 2020,@rosameldianti_,,
169,@rksalfiansyah_,"""Saya segenap hati minta maap""",Non-bullying,7 Mei 2020,@eeericko,,
389,@biancapratiwi_,"""kalo lomba sama""an sm babi, babi nya nmr 2""",Bullying,20 Maret 2020,@eeericko,,
163,@adellaberrr,"""Lo kira lo bagus tuh begitu anjing wkwkw""",Bullying,5 Mei 2020,@ferdianpalekaa00,,
310,@ha_ri2431,"""Di maafin aaa‚Ä¶ semoga dia jera untuk kedepannya‚Ä¶""",Non-bullying,5 Mei 2020,@ferdianpalekaa00,,
194,@momski_sri,"""Salut Mel.. semangat belajar, yg ngetawain juga belum tentu bisa Dan berani..""",Non-bullying,10 Januari 2021,@rosameldianti_,,
415,@fad_wolfie,"""Buat kalian para pens lonte jgn tkut listi Miskin krna dipecat, krna dia bsa kaya lgi, dgn cara ya nglonte""",Bullying,2 Juni 2020,@eeericko,,
366,@dhifi_3,"""Eh ada pelakor, pas banget frame ke tiga, orang ke 3""",Bullying,2 Juni 2020,@eeericko,,
430,@putri_lintang0,"""Ketiaknya hitam dikasih bedak jadi nya abu"" monyet""",Bullying,29 November 2020,@rosameldianti_,,
153,@ummuhumairoh__,"""Fix yang komen semua nyela""",Non-bullying,22 Desember 2020,@rosameldianti_,,
557,@mosessavero_,"""BARU KALI INI LIHAT ANJING SAMA BABI BAIKAN‚Ä¶""",Bullying,20 Maret 2020,@eeericko,,
404,@astri.yanti22491,"""Congrats ka @isyanasarasvati, terus berkarya, makin sukses‚Ä¶ dan terus mnjd inpirasi kita semua‚Ä¶""",Non-bullying,04 April 2020,@isyanasarasvati,,
227,@afrianyriz_,"""Cocok kok, emang orang baik mah buat org baik, kalo yg bejat mah emang cocok buat yang bejat juga ehehe""",Bullying,2 Juni 2020,@eeericko,,
538,@melonktheyalni,"""Idih mak lampir, dibanding uya ma lu, lu bagaikan butiran debu,, lu dikenal karena bacot‚Ä¶ rajin2 ngaca deh""",Bullying,1 Juni 2021,@dennisechariesta,,
564,@ginaiswahyuningsih,"""Si Meldi jelek aja banyak gaya. Beda banget sm tante n sepupunya yang udah jelas2 cantik""",Bullying,29 November 2020,@rosameldianti_,,
104,@jeihanfatiya,"""bidadari sudah ditunjukan , bahwa mmg g pantes sma dajjal g tau diri""",Bullying,2 Juni 2020,@eeericko,,
470,@gevin.reski,"""Kenapa ada orang baik ? Karna ada orang jahat""",Non-bullying,26 Maret 2020,@eeericko,,
75,@lastriani05,"""Manusia apa hewan sih kok gak punya hati banget""",Bullying,5 Mei 2020,@ferdianpalekaa00,,
508,@gracepala04,"""Paket lengkap deh.. udh cantik pintar lagi""",Non-bullying,21 Maret 2021,@maudyayunda,,
627,@anq.olshop,"""Tetap semangat‚Ä¶. sebaik apapun kamu akan dalah Dimata pembenci‚Ä¶..""",Non-bullying,13 Januari 2021,@rosameldianti_,,
120,@cutmustikadela,"""Klu @jeromepoline buat video tapi berdua aja seharian sama anak kecil, hahah lucu juga gimana riwehnya""",Non-bullying,27 Februari 2021,@jeromepolin,,
466,@donialviansaputraaa,"""Dari raut mukanya aja udh terlihat seperti org kalah judi dan tidak pernah makan enak""",Bullying,26 April 2021,@eeericko,,
569,@chenul98,"""Kakinya kek lagi hamil tua ya bun, semacam kaki gajah @ayuugsia""",Bullying,26 Desember 2020,@rosameldianti_,,
612,@dianaherdani18,"""Kaku kek kanebo kering hahaha""",Bullying,20 Desember 2020,@rosameldianti_,,
208,@masihadanamanya,"""GAGA SEMPET BENERAN LORA LO TINGGALIN, LO ORANG PALING JAHAT GA!!!! LO GAK BAKAL BAHAGIA GA""",Bullying,8 Agustus 2020,@gagamuhammad,,
399,@frdriko_,"""Hapus ajh ni poto ngk tau malu bgt lu bang""",Non-bullying,20 Maret 2020,@eeericko,,
423,@zaskiaaaa97,"""Sekarang bukan muka aja yang didempul, tapi ketiak juga""",Bullying,29 November 2020,@rosameldianti_,,
409,@lailmfdh,"""Uda pinter, cantik gak kebanyakan tingkah. Perfect""",Non-bullying,22 Maret 2021,@maudyayunda,,
486,@tita.titt,"""Muka lu kaya tai wkwkwk""",Bullying,22 Desember 2020,@rosameldianti_,,
9,@rubybee_16,"""Kakinya gedong sayyy kek kaki jantan‚Ä¶ Upp kan dia suka berbaur ama warwerwor.. Mahluk astral.. Yg kakinya gedong""",Bullying,26 Desember 2020,@rosameldianti_,,
597,@liviarmdhy,"""SESAMA ANJING FOTO DULU YA KAN""",Bullying,20 Maret 2020,@eeericko,,
37,@mraldiani,"""Nagita masa kaya anak muda coba cantikk bangeett""",Non-bullying,29 Mei 2021,@raffinagita1717,,
140,@gunawan_fahreza,"""Pada ribet kayak udah pada benar aja lu semua""",Non-bullying,5 Mei 2020,@ferdianpalekaa00,,
254,@bengkulu__kocak,"""banyak banget omongan kasar disini, tobat lah kawan kawan.. cukup comment kasar nya""",Non-bullying,9 Agustus 2020,@eeericko,,
304,@enaknyaja,"""muka macem pengamen gegayaan selingkuh, untung udh ga sm jane lg, kebanting sm jane muke lu""",Bullying,2 Juni 2020,@eeericko,,
542,@rulyysetiawan87,"""LO YANG DULU BUKANLAH YANG SEKARANG DULU KAYA ANJING SEKARANG KAYA BABI""",Bullying,2 Juni 2020,@eeericko,,
469,@yudharamm,"""Udah gila sekarang ini orang wkwk, udah jomblo jadi psikolog ga laku, ya jadilah seperti itu""",Bullying,24 Desember 2020,@lutfiagizal,,
369,@mhmmdfarrel21_,"""Meninggalkan berlian demi Tai Sapi""",Bullying,2 Juni 2020,@eeericko,,
60,@fimauni,"""Semangat untuk belajar ya‚Ä¶ saya uga gak bisa bahasa inggris""",Non-bullying,10 Januari 2021,@rosameldianti_,,
112,@hydir.syptra_24,"""mukak lu lebih buruk daripada anjing lu""",Bullying,20 Maret 2020,@eeericko,,
424,@andrydhstywn,"""Astaga ngehujat sampe postingan paling bawah""",Non-bullying,20 Maret 2020,@eeericko,,
649,@keylanamira01,"""Lu sama anjingnya, lebih baik anjingnya""",Bullying,20 Maret 2020,@eeericko,,
427,@charlespontoh75,"""Gw kesini pengen liat babang ini.. Sumpah feeling gw bener.. Mirip banget ama Reynhard Sinaga""",Non-bullying,28 Maret 2020,@eeericko,,
263,@njums_0101,"""Dikasi BIDADARI MALAH PILIH BABI""",Bullying,20 Maret 2020,@eeericko,,
543,@ndysan,"""Kesihan gue sama org otak dangkal kek gini""",Bullying,2 Juni 2020,@eeericko,,
298,@_sugarr_babyy,"""MELET2 UDAH KAYA ANJING, EH KAN EMAH ANJING""",Bullying,28 Maret 2020,@eeericko,,
151,@biankarachel,"""Aduh dugong masih aja gila filter‚Ä¶.""",Bullying,29 November 2020,@rosameldianti_,,
267,@apelu.liat2,"""Masih jauh kalo ngarep bisa ikutan kontes miss earth , makanya dari kecil les inggris biar lidahnya gak keseleo""",Bullying,10 Januari 2021,@rosameldianti_,,
591,@gadiiiiisssss,"""Jelek aja tukang selingkuh lo buriq !""",Bullying,2 Juni 2020,@eeericko,,
360,@arjhunot,"""Karena muka lo pasaran mel, di pasar sapi juga ada yang mirip noh""",Bullying,22 Desember 2020,@rosameldianti_,,
574,@gudlukinhmn,"""Ciah dihujat 1 Indonesia jangan sampe bunuh diri ya komtoll kami blom puas nguat kauuu""",Bullying,28 Maret 2020,@eeericko,,
39,@pipin_sumarini,"""Koreaable banget face rafathar cakep ganteng manis banget""",Non-bullying,31 Mei 2021,@raffinagita1717,,
128,@callme__riska26,"""astaga masih pagi dibikin ngakak ama komenan netijen yg ngmng suka bener""",Non-bullying,20 Maret 2020,@eeericko,,
417,@paris.saintjerman,"""erikontolim manusia babi anak lonte""",Bullying,20 Maret 2020,@eeericko,,
308,@onelsrjy,"""Napa lu balik dari penjara sih?""",Bullying,7 April 2020,@eeericko,,
199,@haeyraa_,"""Setan ma setan mahh emg cocokk udee""",Bullying,2 Juni 2020,@eeericko,,
352,@aii_rinz95,"""Iya lo kamu mirip monyet mel""",Bullying,22 Desember 2020,@rosameldianti_,,
596,@indah_zahin,"""Gak ada bagus2nya suara dan polanya‚Ä¶.""",Bullying,29 November 2020,@rosameldianti_,,
147,@sabil.naura.2,"""Kok meldi di foto aku gendut beda""",Bullying,13 Januari 2021,@rosameldianti_,,
602,@boyvoyej,"""Lo itu kontol gak guna ajg anak dakjal""",Bullying,20 Maret 2020,@eeericko,,
507,@fitrysyakieb,"""Itu tangan apa paha haha‚Ä¶.""",Bullying,11 Desember 2020,@rosameldianti_,,
420,@azzahrariyaanni,"""G bole melet dosaa rik""",Non-bullying,28 Maret 2020,@eeericko,,
576,@mylndll_,"""dikasih hati yg malaikat milih yg berhati iblis greget:(""",Bullying,2 Juni 2020,@eeericko,,
148,@forthriftpurpose,"""Gua berharap lu aja si yg sakit bukan laura lol""",Bullying,8 Agustus 2020,@gagamuhammad,,
613,@darkangel025_,"""Ngedit ketiaknya berapa lah dah itu ya ampe ngeblur pisan.. Putihnya kek cat tembok""",Bullying,29 November 2020,@rosameldianti_,,
349,@rakaakmaall,"""Ngapain si pada ngejudge? Mikir dulu lah dia putus juga sebelum kejadian itu tolol""",Non-bullying,20 Maret 2020,@eeericko,,
326,@26cc.l,"""DIKASIH BIDADARI MAUNYA BONEKA SANTET""",Bullying,20 Maret 2020,@eeericko,,
471,@govinda_hutasoit,"""@xrickolim smngat trus bro tiada manusia yg sempurna kmu pasti bisa bangkit n jadi lebih baik GBU keepstrong""",Non-bullying,9 Agustus 2020,@eeericko,,
124,@anggi.bharuddin,"""ni anak lahir krna kondom bocor.. ga ada rasa syukur muka kyk selangkangan gorilla dpt cewe cntik kyk jessica setia dll malah di sia2in bgsad""",Bullying,28 Maret 2020,@eeericko,,
548,@ravi18dihan_,"""Dekil tatoan, mampus karir Lo hancurr pantek""",Bullying,2 Juni 2020,@eeericko,,
97,@elizabethkezia4u,"""@angelkmgi ini paling cute sih, ganteng parah msh kecil jg""",Non-bullying,9 Juni 2020,@syifahadjureal,,
144,@pebriiidhyn,"""Males beli gua,gara gara ada lonte""",Bullying,2 Juni 2020,@eeericko,,
240,@cxxrloo,"""ih mukanya kek anjing rumah gwa""",Bullying,7 April 2020,@eeericko,,
395,@ulfahh_zakiya,"""Sumpah demi apapun.. Lengan nya gede banget""",Bullying,29 November 2020,@rosameldianti_,,
454,@evan_01_,"""Fotolu pede anjrit muka lu tu anjrit""",Bullying,28 Maret 2020,@eeericko,,
98,@elgistazmn,"""Ngga ada niatan ngadain pengajian gitu bang?""",Non-bullying,26 Maret 2020,@eeericko,,
372,@donnnaaaa____,"""Ya Allah ni orang apa peri, cantik amatt""",Non-bullying,30 April 2021,@raisa6690,,
325,@nia_5446,"""Muka buluk kepedean lagi.. muka udah tua""",Bullying,22 Desember 2020,@rosameldianti_,,
280,@nurus_sobah_99,"""Kak jerome kayak boneka tau hahah""",Non-bullying,17 Februari 2021,@jeromepolin,,
294,@yusuf_rafi20,"""Inget yg di potong itu masalah nya bukan hubungan nya, tapi kalo udah gini sembeleh aja orang nya :) udah terlanjur kecewa""",Bullying,20 Maret 2020,@eeericko,,
255,@bram_reza,"""Jualan jualan knp ngga jadi yutuber lagi bro takut ngga ada yg nntn yah""",Bullying,7 Mei 2020,@eeericko,,
401,@louizee_fa,"""Gila ni siluman,, di story orang lain keliatan banget tumpukan2 lemaknya, buriknya apalagi""",Bullying,13 Januari 2021,@rosameldianti_,,
123,@naufal_fadillah.20,"""Kalian kaloga cocok mau di paksain?""",Non-bullying,2 Juni 2020,@eeericko,,
184,@lala.laxii,"""bisa mati aja ga? gedeg gua liat lu. ANJIM""",Bullying,8 Desember 2020,@lutfiagizal,,
203,@novaaa_nmc,"""Cantik banget semoga sehat selalu kakak panutan""",Non-bullying,9 Mei 2021,@raisa6690,,
439,@gritlechan02,"""Open BO ga bang si listy? Kebetulan ada om-om yg nyari cwe yg udah pengalaman!!!!""",Bullying,2 Juni 2020,@eeericko,,
324,@ikaa6696,"""Aku udah. Dan sumpah bagus banget. Serasa liat cerita disney gitu""",Non-bullying,10 April 2021,@raisa6690,,
247,@amandanna30,"""Caption aja COPAS! Cantumin credit dong, dasar iblis""",Bullying,30 November 2020,@rosameldianti_,,
416,@vellan_qerry_xeynando,"""Hiiihhh jiik lihat nih orang‚Ä¶ auranya buruk bgt gak ada manis manisnya""",Bullying,10 Januari 2021,@rosameldianti_,,
539,@ferlista234,"""Anak yg cerdas terbentuk dr pola asuh sekaligus pola didik ortu yg cerdas pula sih pada saranya. Sesimple itu""",Non-bullying,25 Oktober 2020,@kalinaocktarany,,
489,@lilac_loversss,"""Alasan setan ama setan, KARNA KALO SETAN SAMA BIDADARI, SAYAPNYA RONTOK, DICEKER, DIGIGIT, DIJAMBAK2""",Bullying,2 Juni 2020,@eeericko,,
540,@iswindarty_cici,"""Sekilas yg abu mirip ariana grande haha""",Non-bullying,5 April 2021,@maudyayunda,,
494,@tiara_amd,"""Cuma di postingan ini ya bund netizen sedikit yang menghujat""",Non-bullying,29 November 2020,@rosameldianti_,,
573,@noverinaparticia10,"""ANJING gue jg ogah liat muke lu""",Bullying,28 Maret 2020,@eeericko,,
468,@hendrik_baronn,"""Dasar Bego lu.. gua jijik sama lu bro kayak gak punya otak banget""",Bullying,5 Mei 2020,@ferdianpalekaa00,,
126,@santosodimas23,"""Dia memutuskan menjadi tumbal apartment""",Bullying,11 Desember 2020,@rosameldianti_,,
403,@nikiwonoto,"""senang akhirnya indonesia bisa mempunyai musisi idealis berkualitas tinggi yg masih bisa terus berkarya & diapresiasi oleh banyak orang‚Ä¶""",Non-bullying,20 Oktober 2020,@isyanasarasvati,,
513,@audreyjizlia,"""BISA BERHENTI CAKEP GA KAKK? PUSINGGGG IH""",Non-bullying,30 April 2021,@raisa6690,,
497,@setiawan_jo22,"""SAMPAH MASYARAKAT HARUS DI MUSNAHKAN SEGERA""",Bullying,5 Mei 2020,@ferdianpalekaa00,,
224,@lrp_by_nexttime,"""mau bilang jelek nya ga enak hehe ‚Ä¶""",Bullying,28 Maret 2020,@eeericko,,
343,@story_quots_,"""Anjirlah muka lo kek kuntilanak malah sok cantik""",Bullying,1 Juni 2021,@dennisechariesta,,
54,@maya_purple14,"""Asli gak ada bebet bobo ni anak. kasihan sekali.""",Bullying,13 Januari 2021,@rosameldianti_,,
220,@ohh_alah,"""@rangga_kanahaya knp gk truck sampah, kek mukanya sampah""",Bullying,2 Juni 2020,@eeericko,,
130,@ru_kiiaah98,"""cantikan waktu berisi dulu‚Ä¶ sekarang kurus bgt, kurus begini auranya kurang""",Bullying,19 Desember 2020,@isyanasarasvati,,
589,@squad_nihh_boss_official,"""Muka kek kontol mending di penjara""",Bullying,28 Maret 2020,@eeericko,,
474,@benie_dermawan,"""Yaaaa yaaa kalo liat muka nya sumpah ngeselin banget dah‚Ä¶.oprasi dulu sono..biar gantengan dikit.. Dan kalo jln ke mall gk di kenal orng.""",Bullying,7 Mei 2020,@eeericko,,
187,@dona_pitria,"""Karena muka kayak elo pasaran dan murah‚Ä¶""",Bullying,22 Desember 2020,@rosameldianti_,,
592,@candrwijya,"""Puny cewk baik di selingkuhin g ngotak""",Bullying,20 Maret 2020,@eeericko,,
440,@angelicaangel______,"""Itu ditengah manusia apa monyet kok kulitnya bercorak batik""",Bullying,2 Juni 2020,@eeericko,,
618,@_silnora05,"""Kak Jerome, bagi trik biar bisa paham dan ingat cepat rumus matematika, dung:)""",Non-bullying,7 Maret 2021,@jeromepolin,,
101,@rifdaahdr,"""ka yayaaa, why are you always stunning pretty girl.""",Non-bullying,9 Mei 2021,@raisa6690,,
484,@rifkohalim,"""Jari jari nya gede gede banget, apalagi pas ngiklan makan ikan danau hambar, jarinya kayak jempol semua hawak bener""",Bullying,22 Desember 2020,@rosameldianti_,,
387,@bunda_jannah,"""heran sama netizen klo gk suka jangan diliat aja""",Non-bullying,7 Desember 2020,@rosameldianti_,,
630,@christimrbn._,"""siapapun tolong kasih tau aku ini masalah nya apaa gais""",Non-bullying,2 Juni 2020,@eeericko,,
295,@sekiya.sat,"""Setengah iri setengah jadi motivasi ini""",Non-bullying,25 Oktober 2020,@kalinaocktarany,,
268,@safronlux.id,"""AMZING ISYANAA!! Jujur aku amazed banget dengan skill dan minat Isyana dalam bermusik. Ga Cuma bernyanyi tapi main alat musik pun jago banget""",Non-bullying,13 Februari 2021,@isyanasarasvati,,
52,@pufftlm,"""woi anak anjing ngapain lu hidup bgst""",Bullying,7 April 2020,@eeericko,,
442,@wiliamsiant,"""Karir turun jadi autis kasian hahah""",Bullying,13 Januari 2021,@eeericko,,
558,@limcu_n,"""i see beauty in everything mba gigi sehat selalu sama dede bayi nya""",Non-bullying,31 Mei 2021,@raffinagita1717,,
113,@nrsuciwss2,"""Et muka lu aje gitu dih hahaha. Biarin aja sampah ketemu sampah biar busuk bersama""",Bullying,28 Maret 2020,@eeericko,,
180,@nyanya6300,"""Cintamu hanya sebatas kertas wkwkw enteng bang""",Non-bullying,20 Maret 2020,@eeericko,,
519,@riotw35,"""Sana anjing ngewe ama lonte bangsat""",Bullying,28 Maret 2020,@eeericko,,
622,@emi_muslikah,"""Ancur hidup lu kalau sama dia‚Ä¶ Sumpah..""",Bullying,15 November 2020,@kalinaocktarany,,
532,@shintashanditya,"""Raisa pake baju merah sumpahh cantik bgttt""",Non-bullying,17 Maret 2021,@raisa6690,,
526,@rereresty94,"""Jujur aku lebih suka meldi yang sekarang daripada yang dulu suka ngehujat orang""",Non-bullying,7 Desember 2020,@rosameldianti_,,
374,@tinox___xx,"""Mending lu pada tobat dah""",Non-bullying,7 April 2020,@eeericko,,
315,@harishshandi,"""Sakit jiwa ini upil gajah‚Ä¶ Kasihan""",Bullying,22 Desember 2020,@rosameldianti_,,
463,@tatianayaaaa,"""Anaknya udh pinter, maknya yang kelempengan.. berasa masih baby, tingginya azka aj melebihi mamanya..""",Bullying,25 Oktober 2020,@kalinaocktarany,,
152,@moca_caca_,"""salfok sama kaki, tapi cantik banget asli""",Non-bullying,7 Desember 2020,@rosameldianti_,,
172,@izgraphic,"""Intinya gasuka ajg selama ada listy . Ngrusak suasana""",Bullying,20 Maret 2020,@eeericko,,
234,@rainbowkidshop_,"""Masyaallah mamah gigi bening bet dah, sehat selalu mamah gigi dn keluarga""",Non-bullying,31 Mei 2021,@raffinagita1717,,
307,@_abiyyuatha,"""Lu mirip anaknya kick andy yg namanya marlo bang""",Non-bullying,26 Maret 2020,@eeericko,,
514,@bundafahryfahry,"""Udah gk jaman ngebully orang hey netizen mending ngaca dari kekurangan sendiri""",Non-bullying,28 Desember 2020,@rosameldianti_,,
165,@fckngmelowedtz_,"""HEH UDH NAPA HATE NYA CAPE GW BACA NYA""",Non-bullying,20 Maret 2020,@eeericko,,
318,@um_ummah7,"""Seneng yaa lihat orang sukses meeting. Ya Allah pengen sukses kayak gitu biar ada status di instastory""",Non-bullying,31 Mei 2021,@raffinagita1717,,
137,@lie_3071,"""Yang penting ada niat.. dan keberanian""",Non-bullying,10 Januari 2021,@rosameldianti_,,
411,@syrobby_,"""CONGRATS KAK ISYAN semoga karya nya apa yg dilakukan kakak sukses teruss""",Non-bullying,20 Oktober 2020,@isyanasarasvati,,
578,@rurrizki_maulana,"""ANAK TOLOL INI MULAI AKTIF YA BUND""",Bullying,28 Oktober 2020,@lufiagizal,,
198,@_syakilaadinan_,"""Biar di edit2 kaya apa juga tetap aja ketiak hitam nya ga bisa di bohongin""",Bullying,29 November 2020,@rosameldianti_,,
359,@zibah25,"""Bangkit ya bang jangan lemah buat pelajaran dan ujian buat lu jadi yang lebih baik lagi bang""",Non-bullying,28 Juni 2020,@ferdianpalekaa00,,
259,@amv.seninjashu,"""Apa ganteng nyasih anjing.. Kucel gini jadiin model""",Bullying,7 Mei 2020,@eeericko,,
233,@okkybray,"""Eh lo nyadar ga ? Udah dekil terus tatoan, jadi nya kaya daki haha""",Bullying,9 Agustus 2020,@eeericko,,
534,@mhmd.rfly24,"""Cita cita ingin jadi pakboi , eh tapi malah jadi narkoboy nasib-nasib""",Bullying,7 April 2020,@eeericko,,
116,@tinushanstats,"""Tuhan yesus baik semangat rick""",Non-bullying,9 Agustus 2020,@eeericko,,
121,@sila.putri.526,"""Jelek macam buntut kuali hahaha""",Bullying,22 Desember 2020,@rosameldianti_,,
446,@kirananti1,"""TETEP PENJARA AJA AJG NYUSAHIN LO KELUAR""",Bullying,20 Maret 2020,@eeericko,,
283,@dicka_1991,"""Ketiak hitam buluk mau lu edit nutupin daki diketek lu tetap aka hitam ketiak lu, dasar Dugong @rosameldianti_""",Bullying,29 November 2020,@rosameldianti_,,
377,@hfizdonjuan,"""senengnya sekali nyesel nya seumur hidup, miris banget hidup lu tolol meninggalkan berlian yang indah dipandang dan di sayang demi segumpal tai kucing""",Bullying,2 Juni 2020,@eeericko,,
385,@ooohh_vhie,"""Jangan disamain muka @rosameldianti_ sama orang oi. Mintanya disamain sama babi""",Bullying,22 Desember 2020,@rosameldianti_,,
225,@robilmlna,"""NARKOBOYY NGELUARIN LIDAHH, AJG MAU APA, MAU TES URIN""",Bullying,28 Maret 2020,@eeericko,,
617,@rizkibryn_,"""bego anak orang udah ga perawan noh gara"" lu wkwkw""",Bullying,9 Agustus 2020,@eeericko,,
529,@imnotravi,"""Bikin konten YouTube Student life at standford @maudyayunda seperti waktu S1 at Oxford. Fansmu pada nungguin nih.""",Non-bullying,21 Maret 2021,@maudyayunda,,
473,@lionessariexkunthi,"""Aduhh susah klo urusan sma Jerome rumus matematika terus bahasannya‚Ä¶ Apakah daya diriku yg lebih suka bhs Inggris drpd matematika""",Non-bullying,7 Maret 2021,@jeromepolin,,
348,@wina_lim0922,"""Ketiaknya habis di amplas mel, alus banget""",Bullying,29 November 2020,@rosameldianti_,,
506,@seedflyy,"""@abatartila Ada ada aja kaya gini di bilang king, king muke nya udh kaya tai musang""",Bullying,26 Maret 2020,@eeericko,,
640,@chrysputami,"""Maudy enak bet dah cantik iya pinter iya""",Non-bullying,5 April 2021,@maudyayunda,,
600,@erikkansona,"""oi babi gue bunuh lu kalau sampai kelihatan sumpah""",Bullying,22 Mei 2020,@ferdianpalekaa00,,
550,@idoyalam,"""Modelny aja murahan apalagi barangnya""",Bullying,2 Juni 2020,@eeericko,,
86,@nico_muhammad99,"""Gua kira keluar dari PENJARA bisa berubah""",Non-bullying,20 Maret 2020,@eeericko,,
243,@wardah_eka,"""congrats kak isyan semoga semua impian-impian baiknya segera bisa terwujud aamiin""",Non-bullying,20 Oktober 2020,@isyanasarasvati,,
160,@adhiprasetyop,"""Manusia anjing. Nyari uang gitu amat. Lo kerja aja sama gue nyebokin gue ntar gue gaji lo.""",Bullying,5 Mei 2020,@ferdianpalekaa00,,
525,@_leean3,"""Buah nangka buah kemanggi gak ada akhlak lu babi""",Bullying,2 Juni 2020,@eeericko,,
36,@brandyy_26___,"""Kayak Randy Pangalila klo gk pake kacamata""",Non-bullying,7 Mei 2020,@eeericko,,
171,@ryaamelliaa,"""maniss bangettt pengen dah punya senyuman manis kayak ka syifaaa""",Non-bullying,6 Mei 2020,@syifahadjureal,,
552,@dhinie_jm,"""Ya allah kek anak yg msh batita klo lg ngambek manyunnya begitu, gemes hahaha""",Non-bullying,10 April 2021,@raisa6690,,
544,@mubarakbasslom,"""Lo sintingnya udah tingkat dewa""",Bullying,24 Desember 2020,@lutfiagizal,,
611,@onlyone_dhii,"""Semangat Ferdian gausah dengerin orang yang hujat kamu, karena semua manusia tidak luput dari kesalahan""",Non-bullying,28 Juni 2020,@ferdianpalekaa00,,
96,@thirsthing,"""makin cantik mel, semangat dietnyaa""",Non-bullying,11 Desember 2020,@rosameldianti_,,
241,@setyawan_yoyok,"""youtuber toxic, tutup akunmu sekalian tutup usia""",Bullying,5 Mei 2020,@ferdianpalekaa00,,
461,@hadafajri,"""Ih ko melet2 si kaya hewan aja wkwkwkwk""",Bullying,28 Maret 2020,@eeericko,,
587,@kylagluh,"""Ka cipa tu uda cantik, baik, manis bgt pula, manisnya tu nglebihin gula""",Non-bullying,10 Juni 2020,@syifahadjureal,,
207,@wenddyfanny19,"""Yang satu nya mirip Ariana grande""",Non-bullying,5 April 2021,@maudyayunda,,
393,@asbdidjdk,"""Ini bukan era lo lagi, mending lo mati aja babi. Kalo baca bales nyet""",Bullying,7 Mei 2020,@eeericko,,
398,@mas_eng37,"""GUA MAU LO TERUS BERKARYA , PERBAIKI, TINGGALKAN YG NEGATIF , TIDAK ADA KATA TERLAMBAT , TTP JADI ORANG YG HEBAT DAN SELALU BAHAGIA @xrickolim""",Non-bullying,7 April 2020,@eeericko,,
545,@evaelvaninda,"""Maju trus ya sayang.. abaikan orang2 yg comment menyakitkan""",Non-bullying,30 November 2020,@rosameldianti_,,
218,@lee406132,"""Lengannya gempal banget sih HAHA""",Bullying,22 Desember 2020,@rosameldianti_,,
5,@biankarachel,"""Aduuh.. terlalu halu.. hhahaha lebay editan nyaa lemak kemana lemak‚Ä¶ hahhaaa.. mimpi ketinggian..""",Bullying,7 Desember 2020,@rosameldianti_,,
577,@mokarin_a,"""Dari sekian banyak foto yang diposting, ini yang paling cantik""",Non-bullying,11 Desember 2020,@rosameldianti_,,
99,@anisaanis62,"""Gemeshh rasanya kaya aku pengen cubit""",Non-bullying,9 Juni 2020,@syifahadjureal,,
407,@mawarmelati6,"""Pantas pada senang kerja di Rans.. mbak gigi nggak ngebossy..""",Non-bullying,31 Mei 2021,@raffinagita1717,,
503,@ananda_dhenanda,"""Heran gua mah kalau gasuka gausah di follow dah tau ni akun private kalo lu tetap follow dan ngebuli tanda nya lu sirik. Gasuka ya gausah diliat, kaya dirinya sempurna aja""",Non-bullying,29 November 2020,@rosameldianti_,,
48,@macorask,"""Kereennnn.. dari bully.an netizen menjadikanmu mau belajar""",Non-bullying,10 Januari 2021,@rosameldianti_,,
33,@octaviandiajeng,"""Ini diedit biar langsing padahal mah klo live bomber badannya""",Bullying,26 Desember 2020,@rosameldianti_,,
201,@delliananda,"""Kaka tidur yaa, udah pagi, gaboleh capek2""",Non-bullying,14 Oktober 2019,@isyanasarasvati,,
135,@nurul.hikmah396,"""Bener bener idola, dr musisi yang dipandang sebelah mata sampe buat label musik sendiri, congrats syan""",Non-bullying,20 Oktober 2020,@isyanasarasvati,,
28,@ardinn.__,"""Banyak komen yg support malah ketutup yg hate bgst emang IG""",Non-bullying,13 Januari 2021,@eeericko,,
568,@farsyahl_,"""Apasih kontol berantem aja lah ayo bngst @lutfiagizal""",Bullying,6 Desember 2020,@lutfiagizal,,
231,@ocnalita,"""Liriknya pendek tp susah di hafal pas awal awal, begitu di puter beberapa kali eh kok candu banget""",Non-bullying,17 Maret 2021,@raisa6690,,
490,@rayyan11079,"""Maafin Aja Bro Semua Orang Pasti Ada Kesalahan Dia Juga Pasti Ada Kesalahan Nasehatin Aja Siapa Tau Dia Berubah""",Non-bullying,20 Maret 2020,@eeericko,,
379,@uswaaahs,"""Ngga alay. Ngga muluk muluk. Natural. Sukaaaa",Non-bullying,28 Juli 2020,@isyanasarasvati,,
289,@anita_sari1892,"""Foto no edit edit ya saayy kamera nyaa bening,,, model fotonya pun juga bening gak perlu pakai filter tipu tipu""",Non-bullying,29 Mei 2021,@raffinagita1717,,
419,@sun.molorteam,"""Gua kalai jadi tuhan gaakan gua jadiin dia ini manusia, lebih pante ga hidup ini orang di dunia, akhlaknya gaada tolol bangsat""",Bullying,3 Maret 2021,@lutiagizal,,
392,@dhivirandini,"""Aku doakan perempuan baik yg bernama Nagita selalu sehat, bahagia lahir batin, dan banyak yang sayang sm dia..""",Non-bullying,31 Mei 2021,@raffinagita1717,,
499,@christinaona5,"""Miris banget‚Ä¶ ultah bukan didoain yang baik2 tapi tetap di bully kasian !! God bless u mel""",Non-bullying,29 November 2020,@rosameldianti_,,
139,@im.timothy_,"""2 3 tutup botol muka lu kek kontol wkwk""",Bullying,20 Maret 2020,@eeericko,,
63,@galangnusantaraputra,"""Wah ngehina fisik ni orang,ga bener ya wkwkwkwk""",Non-bullying,9 Agustus 2020,@eeericko,,
472,@ptriazkytlf,"""Si gaga kok kek anjing""",Bullying,8 Agustus 2020,@gagamuhammad,,
129,@hannyjamal33,"""kumat‚Ä¶ lama semedinya segini keluarnya""",Bullying,13 Januari 2021,@rosameldianti_,,
633,@arfrakim,"""@vnagstn astaga si isyana keren banget ini; bisa ada musisi lokal yang selera musiknya kayak gini""",Non-bullying,13 Februari 2021,@isyanasarasvati,,
521,@cxxrloo,"""keknya dia ngeliat masa depan yang hancur deh""",Bullying,7 Mei 2020,@eeericko,,
65,@frdriko_,"""Parah lu bang nama lu udh rusak karna narkoba malah nambah masalah ajh truss""",Non-bullying,20 Maret 2020,@eeericko,,
15,@beejr1425,"""ga nyadar aja nih sampah HAHA""",Bullying,28 Maret 2020,@eeericko,,
157,@ayomindan_15,"""Sumpah si kak, kemeja jeans bikin keliatan seger bgt mantap mantap""",Non-bullying,15 Maret 2021,@jeromepolin,,
41,@iibaaall,"""MATI KAU NAJIS KONTOL BANGSAT MATI KAU""",Bullying,5 Mei 2020,@ferdianpalekaa00,,
493,@macankonner_streetfighter,"""@rosameldianti_ cowokmu wajah nya culun dan cupu kayak om2""",Bullying,11 Desember 2020,@rosameldianti_,,
380,@yunhistia,"""ini foto apa w masukin museum aja ya ga ada pantas2nya""",Bullying,18 Desember 2020,@rosameldianti_,,
188,@ikakadamayanti,"""OOTD mama gigi simple tapi elegan dilihat nya, masyaallah""",Non-bullying,31 Mei 2021,@raffinagita1717,,
217,@dsusilawa,"""Lututnya masih hitam gosok maning biar tambah cling dan cantik""",Bullying,18 Desember 2020,@rosameldianti_,,
53,@epannalzz,"""dasar orang tua gada akhlak,ngajarin anaknya yang ga bener""",Bullying,20 Maret 2020,@eeericko,,
338,@mhmmdtaufik_7,"""Buset hate comment ampe postingan paling bawah""",Non-bullying,20 Maret 2020,@eeericko,,
296,@adiknya_wwatch.ig,"""Gatau sih, cantik tapi gak ada aura nya sama sekali . Cantik tapi idih gitu lihatnya , kenapa yaa ??""",Bullying,13 Januari 2021,@rosameldianti_,,
252,@hypelook.store,"""kultur kerja kaya gini menurut gw bagus si ga kapitalis banget, petingginya juga ikut kerja misal ngevlog atau endors, semoga gaji juga ga senjang si haha""",Non-bullying,31 Mei 2021,@raffinagita1717,,
462,@rzl_40,"""Raisa sekarang ngak monoton‚Ä¶. Jadi suka deh‚Ä¶. Sering2 kek gini‚Ä¶.""",Non-bullying,10 April 2021,@raisa6690,,
456,@syafafalasifah,"""Sdh lh nasi udah jdi bubur ga bisa lagi dibentuk kek semulaaa""",Non-bullying,20 Maret 2020,@eeericko,,
648,@rullyans_ighoney,"""Hati-hati mody jangan keluar sendirian jaga-jaga serangan brutal rasisme, wajahmu sekilas mirip onnie2 korea. Tetap waspada""",Non-bullying,22 Maret 2021,@maudyayunda,,
270,@rejabiann,"""kebanyakan nyabu jadi kurus lu""",Bullying,28 Maret 2020,@eeericko,,
202,@ppendjol,"""Udah jelek gak usah d jelek2 in lagi bro""",Bullying,7 April 2020,@eeericko,,
162,@umawww_,"""Tapi bagus sih erick mutusin Jessica ya karna Erick kelakuan ny begituu coba liat Jessica""",Non-bullying,20 Maret 2020,@eeericko,,
556,@pikoochar,"""Happy birthday Mel sehat dan Sukses yah, Aamiin""",Non-bullying,29 November 2020,@rosameldianti_,,
402,@yayanmulyana__,"""Sabar semua komentar ini ujian""",Non-bullying,9 Agustus 2020,@eeericko,,
477,@wibimaulana7,"""Anjing gk pantes sama bidadari.""",Bullying,28 Maret 2020,@eeericko,,
106,@trishapermata,"""Kasian gue sama anjingnya dipegang dajjal""",Bullying,20 Maret 2020,@eeericko,,
566,@rzqimuln__,"""ERICK GOBLOK,MALAH PACARAN AMA LONTE ANJ,SO BAT""",Bullying,2 Juni 2020,@eeericko,,
390,@hvo.id,"""Di kasih bidadari malah pilih kotoran""",Bullying,2 Juni 2020,@eeericko,,
2,@frdtias_,"""Jijik astagah sok bat cakep njs""",Bullying,28 Maret 2020,@eeericko,,
607,@urbbnaya,"""Bikin konten Youtube daily activity di Stanford dong kak @maudyayunda""",Non-bullying,22 Maret 2021,@maudyayunda,,
562,@bubblecndyy,"""Wah ibarat lebih milih iblis daripada bidadari haha""",Bullying,2 Juni 2020,@eeericko,,
81,@sla_metwidodo1111,"""Kakak sama adek sama sama cantik ya aku suka sama dua duanya""",Non-bullying,5 April 2021,@maudyayunda,,
206,@hamzahifidafadafa,"""Meldi aku perhatikan kamu seperti orang china deh.. cantik""",Non-bullying,30 November 2020,@rosameldianti_,,
35,@ghy.14,"""Kamu emang cocoknya jadi pengusaha kuliner udah fixs. Semoha lancat terusssss""",Non-bullying,27 Desember 2020,@rosameldianti_,,
509,@evilsilviani27,"""Ya emang ga ada yang sama soalnya muka kamu sama dengan muka badak, muka beton, ga ada malu,,,""",Bullying,22 Desember 2020,@rosameldianti_,,
428,@deksiyan_,"""Kok lbih lucu anjingnya ya ktimbang orangnya""",Bullying,20 Maret 2020,@eeericko,,
455,@yolasinamo,"""seru bgt gemoy, tim berkebun plus tim alam bgt niiii""",Non-bullying,28 Juli 2020,@isyanasarasvati,,
367,@jeremyya_,"""IH ADA BABI JGN MEGANG TUH ANJING HARGA DIRINYA LEBIH TINGGI DRIPADA LO""",Bullying,20 Maret 2020,@eeericko,,
92,@choyrohnissaakbar,"""Saya kok suka ya sama mereka harmonis""",Non-bullying,13 Desember 2020,@rosameldianti_,,
340,@najla.yoo,"""Hai kak Isyana aku ngefans banget sama kak Isyana.aku paling suka lagu kak Isyana itu lagu tetap didalam jiwa""",Non-bullying,14 Oktober 2019,@isyanasarasvati,,
565,@yoan_gunarto22,"""Gpp Mel semangat buat belajar trusssss jangan gampang nyerah pokoknya @rosameldianti_""",Non-bullying,10 Januari 2021,@rosameldianti_,,
346,@kiy12456,"""Semangat Rick untuk usaha barunya""",Non-bullying,9 Agustus 2020,@eeericko,,
242,@cep.juned,"""Gajadi beli, takut ketularan lonte nya""",Bullying,2 Juni 2020,@eeericko,,
14,@dian_pramana24,"""Ganteng kagak berbakat juga kagak kelebihannya dimana cobak?""",Bullying,7 April 2020,@eeericko,,
316,@_nia_zzhh,"""Foto di upload nya 20 maret yang comment 1 jam 2 jam 3 jam yg lalu""",Non-bullying,20 Maret 2020,@eeericko,,
601,@riska_wn27,"""Cantik banget kalau pakai baju kayak gitu""",Non-bullying,13 Desember 2020,@rosameldianti_,,
388,@hikmahauliasari_01,"""Udah ada berlian malah milih batu nisan""",Bullying,2 Juni 2020,@eeericko,,
274,@balizoo,"""Terima kasih kak Nagita @raffinagita1717 sudah support Molly si gajah dan satwa-satwa di Bali Zoo lainnya dengan kunjungannya bersama keluarga""",Non-bullying,31 Mei 2021,@raffinagita1717,,
167,@tetikasmy7615,"""serem banget muka lo mel kayak ayam potong merah banget""",Bullying,27 Desember 2020,@rosameldianti_,,
645,@arikinanta96,"""Udah mau autis iya bg awokawkk""",Bullying,13 Januari 2021,@eeericko,,
485,@oliviacheecerezta,"""berdiri di kaki sendiri lebih baik""",Non-bullying,29 November 2020,@rosameldianti_,,
635,@juniartibs,"""Seneng liat pasangan ini cewenya di hujat 1 indonesia tapi dia tetep setia nemenin""",Non-bullying,11 Desember 2020,@rosameldianti_,,
505,@dztaaaaa_,"""Yang ngatain keknya idupnya gapernag bikin kesalahan""",Non-bullying,9 Agustus 2020,@eeericko,,
244,@jeenida_abdullah_aras,"""Kalau pas penempatannya, sebenernya kamu imut banget loh mel.""",Non-bullying,28 Desember 2020,@rosameldianti_,,
567,@eeeannisa,"""Gua gabisa bedain mana anjing mana manusia, keliatannya sama""",Bullying,20 Maret 2020,@eeericko,,
563,@bahasa.bayi.planet,"""Gemesnya isyan kayak tango, berlapis lapis ciaaaa""",Non-bullying,16 September 2019,@isyanasarasvati,,
190,@depoy110,"""Cakep kaga jelek iya HAHAH""",Bullying,28 Desember 2020,@rosameldianti_,,
476,@can_kenzie_can,"""Perut makin maju tpi semangat jangan tak maju""",Non-bullying,17 Februari 2021,@jeromepolin,,
511,@tkp995,"""Pengambilan fotonya sudah bagus mantap dan keren.. tinggal pengambilan ARWAH nya aja yang belum""",Bullying,18 Desember 2020,@rosameldianti_,,
59,@fahrirasihan,"""Bukan keliatan ragu, tapi keliatan cantik""",Non-bullying,17 Maret 2021,@raisa6690,,
475,@mchll.ra,"""iri kok sama babi hahah najis""",Bullying,2 Juni 2020,@eeericko,,
561,@kristin26_,"""Biarkan @sk69official bangkrut aja. CEO nya gatau trimakasih haha""",Bullying,2 Juni 2020,@eeericko,,
253,@edwin.afr,"""Jangan di bales komen hate bang bikin sakit jempol, mending lanjut berkarya:)""",Non-bullying,9 Agustus 2020,@eeericko,,
22,@fatimahhss1128,"""Cowo foto liatin lidah nya jam ah jijik gue. Apa lagi minus akhlak kek gini""",Bullying,28 Maret 2020,@eeericko,,
314,@titiwinarni91,"""Kaya ny gajahnya merasakan aura positif nya mb gigi itu‚Ä¶ kelihatan sumringah jg gajahnya loo..""",Non-bullying,31 Mei 2021,@raffinagita1717,,
460,@naufal.apta7,"""Bro buat lu pada yg ngehujat erick tpi masih punya masala sendiri jangan sok keras""",Non-bullying,9 Agustus 2020,@eeericko,,
161,@aqidahhasrida,"""Cantik bajunya keren warnanya bikin pangling""",Non-bullying,30 April 2021,@raisa6690,,
277,@rahmahakya,"""Ih ko muka jelek banget siii serem kek setan""",Bullying,2 Juni 2020,@eeericko,,
192,@kecoakgemoi._,"""Dasar cewe lo itu LONTE tau kau!""",Bullying,2 Juni 2020,@eeericko,,
386,@rubybee_16,"""Artis abal-abal.. Muka putih tangan hitam‚Ä¶ ager2 ATM nya udah isi berapa sekarang""",Bullying,11 Desember 2020,@rosameldianti_,,
414,@_goshop24,"""Ka mel gausah merendahkan orang lain. Bersyukur aja diatas langit juga masih ada langit lagi""",Non-bullying,22 Desember 2020,@rosameldianti_,,
492,@ariessw,"""ya Allah kenapa begitu sempurna sih ciptaanmu yg satu in""",Non-bullying,17 Maret 2021,@raisa6690,,
344,@nayyx_ra,"""potret seorjing memegang anjing kwkw""",Bullying,20 Maret 2020,@eeericko,,
309,@pipidz888,"""Hbd cantik semoga kedepannya tambah sukses""",Non-bullying,29 November 2020,@rosameldianti_,,
131,@arini.3367,"""pada julid padahal kan meldi gak nyusahin kalian""",Non-bullying,18 Desember 2020,@rosameldianti_,,
100,@adeliaa_azka,"""muka kek banci dih najis""",Bullying,28 Maret 2020,@eeericko,,
373,@rubybee_16,"""Astaga‚Ä¶ Ratu edit muka.. Sumpah seren kayak film setan2 gitu‚Ä¶..""",Bullying,30 November 2020,@rosameldianti_,,
88,@mareeet30,"""Udah ka gausah digubris gausah dipikirin. Bersyukur aja sama nikmat tuhan yang udah dikasih ke kaka. Gausah juga ngatain orang ka, tetep bersyukur atas nikmatnya""",Non-bullying,22 Desember 2020,@rosameldianti_,,
459,@olla.azizah,"""Cuman rumus diet ini yg ga bisa dipecahka ya bang?""",Non-bullying,17 Februari 2021,@jeromepolin,,
331,@nurjanah.hani,"""Muka anak nya ko tua banget yaa.. GK ngegemesin GK ada lucu2nya""",Bullying,22 Juni 2019,@tasyakamila,,
215,@arief_metafora_,"""maklum anak kurang pendidikan kayak gitu gak punya akhlak""",Bullying,5 Mei 2020,@ferdianpalekaa00,,
467,@anggariskyananda,"""BUNUH DIRI LAH SONO GOBLOX""",Bullying,9 Agustus 2020,@eeericko,,
122,@rezaadhitia_,"""meldi makin bersinar yaaa, pertahanin karir jgn di sia siain""",Non-bullying,13 Januari 2021,@rosameldianti_,,
615,@ens_gege,"""Mama gigi cantik banget‚Ä¶ look younger than her age.. love mama gigi""",Non-bullying,31 Mei 2021,@raffinagita1717,,
21,@kimoratwindy,"""Udah diedit gitu, ketiak lu tetap hitam""",Bullying,29 November 2020,@rosameldianti_,,
72,@michael.saputra2006,"""iya bang jer terlihat berbeda klo pake style kayak gini lebih terlihat fresh anak gaul""",Non-bullying,15 Maret 2021,@jeromepolin,,
107,@satriakiranadwi,"""Cowoknya ga ada cakep cakepnya""",Bullying,13 Desember 2020,@rosameldianti_,,
271,@farhaadeliasiregar,"""Entah knp liat muka BG Eric sekarang kaya enak gitu .. dari pada yg dulu""",Non-bullying,7 Mei 2020,@eeericko,,
436,@dwihadianti,"""Gapaham lagi cakeup nya natural Masyaallah""",Non-bullying,9 Mei 2021,@raisa6690,,
103,@dessysintia_,"""Slide kedua mukanya mau gaya apa aja tetep cantikk""",Non-bullying,28 Juli 2020,@isyanasarasvati,,
